<?xml version="1.0" encoding="UTF-8"?>
<!DOCTYPE mapper
  PUBLIC "-//mybatis.org//DTD Mapper 3.0//EN"
  "http://mybatis.org/dtd/mybatis-3-mapper.dtd">
<mapper namespace="kr.smhrd.mapper.memberMapper">

	<!-- 회원 등록 -->
	<!-- 여짝 id랑 인터페이스 메소드 이름이랑 동일함 -->
	
	
	<insert id="insertMember"
		parameterType="kr.smhrd.mapper.MemberVO">
		insert into members(mb_id, mb_pwd, mb_gender, mb_age, mb_job, mb_email, mb_nickname,admin_yn) 
		values (#{mb_id},#{mb_pwd},#{mb_gender},#{mb_age},#{mb_job}, #{mb_email}, #{mb_nickname},0)
		<!-- VO에서 가져올 친구들 / 관리자 조인할거면 values 맨마지막을 1로 바꾸기 -->
	</insert>
	
	<!-- 아이디 중복체크--> 
	<select id="checkId" parameterType="String" resultType="String">
	    select mb_id from members
	    where mb_id = #{mb_id}
	</select>
	
	<update id="updateMember"
		parameterType="kr.smhrd.mapper.MemberVO">
		update members
		set mb_pwd=#{mb_pwd}, 
		mb_gender=#{mb_gender}, 
		mb_age=#{mb_age},
		mb_job=#{mb_job}, 
		mb_email=#{mb_email}, 
		mb_nickname=#{mb_nickname}
		where mb_id=#{mb_id};
	</update>
	
	<!-- 로그인 리스트 -->
	<select id = "login" resultType="kr.smhrd.mapper.MemberVO">
	    select * from members
	    where mb_id=#{mb_id} and mb_pwd=#{mb_pwd} 
	</select>
	
	
	
	<!-- mychallendar 가져오기 	-->
	  <select id ="MyCalendarAjax" resultType="kr.smhrd.mapper.MyCalendarVO">    
       select *  from mycalendar 
       where mb_id = #{mb_id};
          </select>
	
	 
	
	
	

</mapper>
    