<?xml version="1.0" encoding="UTF-8"?>
<beans:beans xmlns="http://www.springframework.org/schema/mvc"
   xmlns:xsi="http://www.w3.org/2001/XMLSchema-instance"
   xmlns:beans="http://www.springframework.org/schema/beans"
   xmlns:context="http://www.springframework.org/schema/context"
   xmlns:websocket="http://www.springframework.org/schema/websocket"
   xsi:schemaLocation="http://www.springframework.org/schema/mvc https://www.springframework.org/schema/mvc/spring-mvc.xsd
      http://www.springframework.org/schema/beans https://www.springframework.org/schema/beans/spring-beans.xsd
      http://www.springframework.org/schema/context https://www.springframework.org/schema/context/spring-context.xsd
      http://www.springframework.org/schema/websocket http://www.springframework.org/schema/websocket/spring-websocket.xsd">

         <!-- DispatcherServlet Context: defines this servlet's request-processing infrastructure -->
   
   
   
   <!-- Enables the Spring MVC @Controller programming model -->
   <annotation-driven />

   <!-- Handles HTTP GET requests for /resources/** by efficiently serving up static resources in the ${webappRoot}/resources directory -->
   <resources mapping="/resources/**" location="/resources/" />
   <resources mapping="/picture/**" location="file:///C:/Users/bigdata02/anaconda3/envs/yoloV5/Flask/static/detect/" />

   <!-- Resolves views selected for rendering by @Controllers to .jsp resources in the /WEB-INF/views directory -->
   <beans:bean class="org.springframework.web.servlet.view.InternalResourceViewResolver">
      <beans:property name="prefix" value="/WEB-INF/views/" />
      <beans:property name="suffix" value=".jsp" />
   </beans:bean>
   
   
	   	<!-- 파일업로드에 필요한 bean -->
	<beans:bean id="mulitpartResolver" class="org.springframework.web.multipart.commons.CommonsMultipartResolver">
	    <!-- 파일업로드 용량 -->
	    <beans:property name="maxUploadSize" value="10485760"/>
	</beans:bean>
	<!-- 파일업로드를 위한 디렉토리 설정 -->
	<!-- String uploadPath = new String("업로드 경로")--> 
	<beans:bean id="uploadPath" class="java.lang.String">
	    <!-- 파일업로드 디렉토리-->
	    <beans:constructor-arg value="C:\Users\bigdata02\anaconda3\envs\yoloV5\Flask\static\photos"/>
	</beans:bean>
	
	
	
   <context:component-scan base-package="kr.smhrd.web" />
   
<!--    <websocket:handlers>
		<websocket:mapping handler="echoHandler" path="/echo" />
		<websocket:sockjs />
	</websocket:handlers> -->
    
   <websocket:handlers>
		<websocket:mapping handler="echoHandler" path="/echo" />
		<websocket:handshake-interceptors>
			<beans:bean class="org.springframework.web.socket.server.support.HttpSessionHandshakeInterceptor" />
		</websocket:handshake-interceptors>
		<websocket:sockjs/>
</websocket:handlers>

	<beans:bean id="echoHandler" class="kr.smhrd.web.EchoHandler"></beans:bean>
	<beans:import resource="classpath:config/cors-config.xml"/>
   
</beans:beans>
